Car_Age,Mileage_km,Engine_CC,Horsepower,Fuel_Type,Transmission,Brand,Body_Type,Previous_Owners,Car_Price_INR
6,110878,3000,128,Petrol,Automatic,Audi,Hatchback,1,3541000
3,169899,2500,296,CNG,Manual,Ford,SUV,0,3461000
12,67623,800,63,Petrol,Manual,Tata,Hatchback,1,786000
14,80450,3000,75,CNG,Manual,Mercedes,Hatchback,0,2520000
10,98426,1200,83,Petrol,Automatic,Toyota,MUV,3,1039000
7,122845,3000,139,CNG,Automatic,Tata,Hatchback,2,2664000
12,158371,1000,61,Petrol,Automatic,Ford,Sedan,3,577000
4,48585,800,279,Electric,Automatic,Tata,Hatchback,1,2646000
6,114225,1000,187,Diesel,Automatic,Ford,Sedan,1,1928000
9,69044,2500,219,Petrol,Automatic,Ford,Sedan,3,2482000
2,178629,2000,278,CNG,Automatic,BMW,Sedan,3,3986000
6,114556,1000,143,Electric,Automatic,Maruti,SUV,0,1739000
10,7693,1200,211,Petrol,Automatic,Audi,MUV,1,2855000
10,100259,3000,199,Petrol,Manual,BMW,Sedan,1,3424000
7,30939,2000,237,Electric,Manual,Mercedes,Sedan,3,3493000
4,179013,3000,222,Petrol,Manual,BMW,SUV,2,3946000
3,157906,1000,183,Diesel,Manual,Hyundai,Sedan,1,2139000
7,23047,3000,92,Petrol,Automatic,Hyundai,Hatchback,2,2389000
7,31105,2500,220,Diesel,Automatic,Audi,Hatchback,3,3780000
2,80766,2000,248,Diesel,Manual,Tata,MUV,3,2832000
5,151779,2500,238,Electric,Automatic,Maruti,Sedan,0,2937000
4,158048,1000,230,Petrol,Manual,Audi,SUV,1,3016000
1,49262,2500,160,Electric,Automatic,Ford,Hatchback,2,3297000
7,130117,1200,71,Petrol,Manual,Honda,SUV,0,1616000
11,28776,1000,126,Petrol,Automatic,Maruti,SUV,1,1538000
13,166152,1000,124,CNG,Automatic,Maruti,Hatchback,0,612000
5,133376,1000,220,Petrol,Manual,Ford,SUV,3,2063000
1,142848,800,227,Electric,Automatic,Ford,Hatchback,1,2550000
11,97787,3000,133,Diesel,Manual,Toyota,SUV,0,2509000
4,132948,800,102,Petrol,Manual,Audi,Hatchback,0,2626000
0,60016,800,103,CNG,Manual,Ford,Sedan,2,1877000
11,145546,1200,88,Electric,Manual,Hyundai,MUV,0,1460000
9,26959,2000,200,Petrol,Automatic,Mercedes,Hatchback,1,3733000
5,141602,3000,71,Electric,Automatic,Honda,Hatchback,1,2464000
12,124101,2500,154,CNG,Automatic,Audi,MUV,2,2684000
11,8748,1800,105,CNG,Manual,Kia,Hatchback,1,1951000
8,18545,1000,189,Electric,Automatic,Hyundai,Hatchback,3,2081000
0,132659,2500,94,Petrol,Manual,Tata,SUV,1,2695000
10,170838,1000,274,Diesel,Automatic,Ford,MUV,1,1814000
10,78530,1200,140,CNG,Automatic,Kia,Sedan,0,1590000
14,98557,1000,149,Petrol,Automatic,Ford,Hatchback,0,839000
9,66087,800,67,Petrol,Manual,Maruti,MUV,1,887000
11,73840,3000,152,Diesel,Automatic,Hyundai,SUV,2,2225000
11,123451,1800,213,CNG,Automatic,Maruti,Sedan,0,1836000
14,56005,1500,261,CNG,Manual,Toyota,MUV,2,1935000
13,44353,1000,149,Petrol,Automatic,Maruti,Sedan,1,1228000
13,57733,2500,221,Petrol,Manual,Toyota,Sedan,1,2667000
14,70318,800,174,Diesel,Automatic,Toyota,Sedan,3,929000
13,159736,1500,164,Diesel,Manual,Kia,Hatchback,0,1620000
2,72172,1800,194,CNG,Manual,Ford,Hatchback,1,2672000
11,98264,1500,255,Electric,Automatic,Tata,SUV,3,1997000
6,31736,800,117,CNG,Manual,Maruti,SUV,0,1818000
3,117859,3000,173,Petrol,Manual,Hyundai,MUV,1,2949000
8,117181,3000,296,CNG,Manual,Toyota,SUV,1,3442000
2,136926,2000,134,Electric,Manual,Ford,Sedan,0,2606000
4,95084,3000,216,Diesel,Manual,Honda,Sedan,0,3504000
2,174695,2000,179,Electric,Manual,Audi,Hatchback,0,3576000
6,12392,1500,223,Electric,Automatic,Kia,Sedan,1,3061000
4,60680,1200,276,Electric,Manual,Tata,MUV,1,2625000
8,55859,2500,80,Diesel,Manual,BMW,Sedan,3,2758000
6,130657,2500,223,Electric,Automatic,Kia,Sedan,2,2724000
1,162381,1500,197,Electric,Automatic,Honda,MUV,0,2714000
3,75467,1000,160,Electric,Automatic,Audi,SUV,1,2964000
8,103506,1000,260,Petrol,Automatic,Honda,SUV,1,2455000
11,114751,3000,211,Electric,Automatic,Maruti,MUV,0,2919000
13,123906,2500,251,Diesel,Automatic,Toyota,Hatchback,2,2228000
1,148760,2500,286,Electric,Automatic,Tata,Sedan,0,3452000
9,30342,2000,236,Electric,Manual,Mercedes,MUV,2,3580000
8,173229,1200,158,Diesel,Manual,Toyota,Sedan,1,1609000
9,111308,800,299,Electric,Automatic,Mercedes,Hatchback,2,3094000
4,111081,1000,95,Diesel,Manual,Audi,Sedan,3,2419000
1,94045,2500,269,Electric,Manual,Ford,MUV,1,3296000
3,39698,2000,290,Diesel,Manual,BMW,Sedan,3,4307000
11,115078,1800,155,Electric,Automatic,Hyundai,SUV,0,2234000
14,85623,2000,211,Electric,Automatic,Toyota,Hatchback,0,1935000
11,27671,1000,210,Petrol,Manual,Tata,Hatchback,0,1660000
6,161256,1000,249,Petrol,Automatic,Honda,Hatchback,2,2149000
11,98384,2000,283,Electric,Manual,Tata,MUV,1,2534000
12,178179,800,96,Electric,Manual,Audi,Hatchback,0,1762000
7,91202,1500,71,CNG,Manual,Mercedes,SUV,0,3055000
14,56663,1000,172,Diesel,Manual,Honda,MUV,1,1322000
2,20708,2000,242,CNG,Automatic,Hyundai,SUV,0,3193000
13,96906,2500,72,Petrol,Automatic,Hyundai,Sedan,3,1181000
0,54811,2000,82,Petrol,Automatic,Toyota,Sedan,1,2579000
3,138883,1200,276,Petrol,Manual,Audi,Sedan,1,3459000
1,61250,1500,158,Petrol,Automatic,Ford,Sedan,1,2899000
7,117547,1800,164,Electric,Manual,Audi,SUV,3,2806000
3,129249,800,89,Petrol,Automatic,Mercedes,MUV,1,2691000
1,39754,3000,76,Electric,Manual,Tata,MUV,3,2905000
13,147483,1800,172,Electric,Manual,Hyundai,Hatchback,1,1770000
5,138983,1500,121,Petrol,Manual,Tata,SUV,2,2334000
5,144752,1500,143,Petrol,Automatic,Tata,Sedan,0,1972000
9,89896,1500,171,Diesel,Automatic,Tata,SUV,2,1779000
3,76295,1800,276,CNG,Automatic,Hyundai,Hatchback,0,3288000
5,105689,2500,145,Petrol,Automatic,Kia,Hatchback,3,2598000
12,16111,1500,200,Diesel,Manual,Maruti,SUV,2,2120000
14,42504,2000,246,Diesel,Automatic,Mercedes,SUV,1,3265000
1,137874,1800,78,CNG,Automatic,Kia,SUV,0,2363000
9,13155,3000,236,Electric,Manual,Mercedes,MUV,0,4272000
11,44384,1500,159,Petrol,Manual,Honda,Sedan,2,1918000
1,117561,2000,199,CNG,Manual,Audi,SUV,3,3799000
9,52254,2500,248,Petrol,Automatic,Audi,SUV,2,3711000
13,26918,1200,292,Diesel,Manual,BMW,SUV,3,3015000
3,90981,2500,206,Diesel,Manual,Audi,Hatchback,3,3931000
13,35306,3000,135,Electric,Manual,Hyundai,Hatchback,0,2510000
14,152718,1500,68,Diesel,Automatic,Ford,MUV,2,932000
14,51843,3000,258,Diesel,Manual,Toyota,Sedan,2,2637000
7,125975,1800,87,CNG,Automatic,BMW,MUV,3,2566000
13,101601,1000,265,Petrol,Automatic,Toyota,Sedan,2,1927000
6,112512,1500,282,Petrol,Manual,Mercedes,Hatchback,1,3384000
11,152443,1000,187,CNG,Manual,Toyota,Hatchback,1,1516000
8,116472,2000,111,Electric,Automatic,Toyota,Hatchback,2,1869000
13,138121,1200,142,Petrol,Manual,BMW,MUV,2,1986000
7,167688,800,170,Diesel,Manual,Honda,SUV,3,1790000
4,108727,3000,203,Petrol,Automatic,Tata,SUV,1,3270000
12,117893,2500,176,Diesel,Automatic,Audi,Hatchback,1,2898000
1,25932,1200,128,Electric,Manual,Audi,SUV,0,3107000
14,122796,1500,158,CNG,Automatic,Hyundai,SUV,3,1369000
4,34855,1000,199,Petrol,Manual,BMW,MUV,0,3389000
7,179088,2500,84,CNG,Manual,Hyundai,Sedan,1,2375000
9,12400,1000,239,Petrol,Manual,Ford,Hatchback,3,1803000
8,122858,1800,182,Diesel,Automatic,Ford,Hatchback,2,2037000
11,178714,1000,272,CNG,Manual,Hyundai,MUV,3,1665000
11,20151,1800,287,Petrol,Manual,BMW,MUV,2,3609000
11,71690,2000,112,Diesel,Manual,Hyundai,SUV,2,1690000
12,9499,2500,210,CNG,Automatic,Audi,Hatchback,3,3128000
8,11295,2500,203,CNG,Automatic,Kia,Sedan,2,2845000
12,125885,800,116,Petrol,Automatic,Maruti,MUV,0,1021000
14,131071,1500,98,Petrol,Automatic,Toyota,Sedan,1,1055000
12,64040,1800,168,Petrol,Automatic,Maruti,Sedan,2,1691000
0,17183,800,240,Diesel,Manual,BMW,Hatchback,0,3879000
8,165371,1000,101,Petrol,Automatic,Maruti,Hatchback,2,910000
6,148946,1000,245,CNG,Automatic,Ford,MUV,1,2163000
8,121336,800,226,CNG,Automatic,Mercedes,Hatchback,0,2693000
7,37711,2500,201,Petrol,Manual,Toyota,Hatchback,1,3052000
0,10539,1000,282,Petrol,Automatic,Tata,Hatchback,1,2753000
11,131063,3000,181,Electric,Automatic,BMW,Sedan,0,3310000
7,138629,2000,192,CNG,Manual,Toyota,MUV,0,2570000
7,43360,2000,222,Diesel,Automatic,Maruti,SUV,0,2982000
14,138272,3000,274,Electric,Manual,Ford,Sedan,3,2402000
10,26357,800,280,Petrol,Manual,Honda,Hatchback,0,2038000
2,124121,3000,294,Petrol,Manual,Kia,Sedan,0,4196000
0,82505,1800,134,CNG,Manual,Tata,Hatchback,0,2411000
7,7869,1800,205,Petrol,Manual,Kia,Hatchback,0,2183000
2,55108,800,298,Diesel,Automatic,Toyota,Sedan,2,2923000
2,117296,3000,135,CNG,Manual,Ford,MUV,3,2808000
0,99179,1800,68,Petrol,Manual,Ford,Hatchback,1,2099000
10,95272,2500,133,CNG,Automatic,Maruti,MUV,0,2270000
4,43467,3000,245,Petrol,Manual,Audi,SUV,2,4343000
9,28328,2500,295,Petrol,Automatic,Maruti,Hatchback,2,2772000
6,96412,1800,204,Petrol,Automatic,Audi,MUV,2,3007000
9,140059,2000,289,Diesel,Automatic,Audi,MUV,1,3610000
8,63871,1800,66,Diesel,Manual,Tata,SUV,0,1916000
11,158471,2500,233,CNG,Manual,Maruti,MUV,3,2138000
6,133391,1200,200,Petrol,Manual,Honda,MUV,3,2342000
8,91416,1500,227,Petrol,Automatic,Hyundai,SUV,2,2027000
7,75271,1000,229,Diesel,Manual,Hyundai,Hatchback,1,1782000
11,49064,3000,196,Petrol,Manual,Maruti,MUV,1,2459000
1,112450,1200,237,Diesel,Manual,Maruti,MUV,1,2658000
0,176890,1800,86,Petrol,Automatic,Kia,MUV,3,2300000
6,24830,2000,181,CNG,Automatic,Tata,Sedan,2,2424000
6,153501,800,253,Petrol,Manual,Maruti,SUV,0,2161000
13,142965,1800,64,Petrol,Manual,Kia,Sedan,3,763000
7,121381,2000,88,Electric,Manual,Audi,SUV,2,2980000
4,52333,1500,224,Diesel,Manual,Ford,Hatchback,2,2486000
2,139508,1800,225,Petrol,Automatic,Ford,Hatchback,0,3030000
11,81213,2500,142,Petrol,Automatic,Audi,MUV,0,3087000
7,141967,800,195,Electric,Automatic,BMW,SUV,0,2859000
5,155810,2000,299,Electric,Automatic,Kia,Hatchback,1,3108000
10,35746,2000,168,Diesel,Manual,Kia,SUV,0,2384000
2,54377,2000,124,Electric,Manual,Audi,Hatchback,2,3468000
0,59045,1500,145,CNG,Manual,Honda,Sedan,0,2990000
2,102888,1800,204,Electric,Automatic,Mercedes,Hatchback,2,3733000
4,175862,1500,130,CNG,Manual,Toyota,Sedan,3,2056000
14,112455,3000,276,Diesel,Automatic,Audi,Hatchback,1,3403000
13,141672,1000,104,Diesel,Automatic,Maruti,MUV,3,977000
2,98179,1000,191,Diesel,Manual,Maruti,Sedan,3,1996000
0,176836,3000,95,Diesel,Manual,Tata,Hatchback,2,3130000
4,50714,1800,129,Diesel,Manual,Audi,MUV,3,3074000
9,107946,2500,218,CNG,Automatic,Tata,Sedan,2,2207000
6,114616,1500,78,CNG,Manual,Audi,MUV,0,2620000
14,110983,800,248,Diesel,Automatic,Kia,SUV,0,1468000
13,129123,2000,167,Electric,Manual,Toyota,SUV,2,1948000
6,154661,2000,241,Petrol,Automatic,Kia,Sedan,0,2609000
10,48484,1800,226,Diesel,Automatic,Mercedes,Hatchback,1,3139000
8,87989,2500,150,Electric,Manual,Ford,Sedan,3,1897000
14,41212,1000,261,Petrol,Automatic,Hyundai,MUV,1,1636000
14,48525,1000,149,Diesel,Automatic,Audi,Hatchback,3,1386000
9,168707,2000,78,Diesel,Manual,Mercedes,SUV,0,2389000
9,68208,1800,98,CNG,Automatic,Ford,Hatchback,1,1815000
11,38828,1500,185,Petrol,Manual,BMW,SUV,0,2989000
12,154783,1000,254,Petrol,Automatic,Toyota,Hatchback,3,1623000
2,8420,1500,232,Electric,Manual,Tata,Hatchback,2,2647000
14,101752,2500,200,CNG,Manual,Tata,Hatchback,2,1876000
6,136373,1000,279,CNG,Automatic,Kia,MUV,1,2389000
0,120294,1000,185,CNG,Automatic,Maruti,MUV,0,2272000
3,129019,1200,117,CNG,Automatic,Ford,Sedan,0,2272000
12,70726,1000,207,Petrol,Automatic,BMW,Sedan,1,2597000
3,146564,3000,279,Petrol,Automatic,Mercedes,SUV,2,4489000
13,120668,800,259,Diesel,Manual,Toyota,MUV,3,1510000
